{
  "RandomForest": {
    "macro_f1_mean": 92.49609908332643,
    "macro_f1_std": 6.126910431944572,
    "accuracy_mean": 99.99538585765372,
    "accuracy_std": 0.004316134948408499,
    "macro_f1_folds": [
      87.49389350268686,
      87.49879703589644,
      100.0,
      87.48780487804878,
      100.0
    ],
    "accuracy_folds": [
      99.99423232206713,
      99.99423232206713,
      100.0,
      99.98846464413427,
      100.0
    ]
  }
}