{
  "accuracy": [
    0.9904784560203552,
    0.99853515625,
    0.998645007610321,
    0.999066174030304,
    0.998516857624054,
    0.9989013671875,
    0.9985900521278381,
    0.998974621295929,
    0.998992919921875,
    0.99853515625,
    0.9984984993934631,
    0.9989013671875,
    0.9986633062362671,
    0.999176025390625,
    0.9989379644393921,
    0.9991394281387329,
    0.998974621295929,
    0.9989379644393921,
    0.9990478754043579,
    0.999102771282196
  ],
  "loss": [
    0.03480825200676918,
    0.004712800960987806,
    0.004575182683765888,
    0.003243538085371256,
    0.004865225870162249,
    0.0038089414592832327,
    0.004792976193130016,
    0.003731717821210623,
    0.00334703316912055,
    0.0056611173786222935,
    0.0050539118237793446,
    0.0035667307674884796,
    0.00446440652012825,
    0.002607148140668869,
    0.003446600865572691,
    0.003101624082773924,
    0.0033380102831870317,
    0.0035724870394915342,
    0.002732519991695881,
    0.0032716530840843916
  ],
  "val_accuracy": [
    0.9996704459190369,
    0.9955511689186096,
    0.9995056986808777,
    0.9996704459190369,
    0.9894546270370483,
    0.9985170364379883,
    0.9996704459190369,
    0.9841818809509277,
    0.9996704459190369,
    0.9998352527618408,
    0.9996704459190369,
    1.0,
    0.9894546270370483,
    0.9996704459190369,
    0.9703410863876343,
    0.990443229675293,
    0.9892898201942444,
    0.9655627012252808,
    0.9996704459190369,
    1.0
  ],
  "val_loss": [
    0.009561189450323582,
    0.014072993770241737,
    0.003993622027337551,
    0.004088522866368294,
    0.037375908344984055,
    0.00825226679444313,
    0.0017631627852097154,
    0.058467622846364975,
    0.002152313943952322,
    0.0005909290630370378,
    0.00039467262104153633,
    0.000297596154268831,
    0.06695403903722763,
    0.0006135540897957981,
    0.09344890713691711,
    0.014954735524952412,
    0.06035325676202774,
    0.15879422426223755,
    0.0005686317454092205,
    2.6526451620156877e-05
  ]
}