{
  "accuracy": [
    0.9858092665672302,
    0.9985717535018921,
    0.9989013671875,
    0.998791515827179,
    0.9984984993934631,
    0.998992919921875,
    0.999285876750946,
    0.999102771282196,
    0.99871826171875,
    0.999194324016571,
    0.9991210699081421,
    0.999468982219696,
    0.998992919921875,
    0.999011218547821,
    0.998992919921875,
    0.999267578125,
    0.998919665813446,
    0.9988464117050171,
    0.9993225336074829,
    0.999340832233429
  ],
  "loss": [
    0.04743826761841774,
    0.005328667815774679,
    0.0043622818775475025,
    0.0038219771813601255,
    0.005106339696794748,
    0.0029305939096957445,
    0.0024887025356292725,
    0.0028892916161566973,
    0.003655438544228673,
    0.0021613365970551968,
    0.0026104028802365065,
    0.0017522625857964158,
    0.003806405933573842,
    0.0034070920664817095,
    0.003468963550403714,
    0.002456163987517357,
    0.00331823225133121,
    0.004314206074923277,
    0.002358551137149334,
    0.002378458622843027
  ],
  "val_accuracy": [
    0.9985170364379883,
    0.9881364107131958,
    0.9912670850753784,
    0.990443229675293,
    0.9996704459190369,
    0.9894546270370483,
    0.9995056986808777,
    0.9991761445999146,
    1.0,
    0.9902784824371338,
    0.9887955188751221,
    0.9996704459190369,
    0.9988465905189514,
    1.0,
    0.990443229675293,
    1.0,
    0.9894546270370483,
    0.9996704459190369,
    0.9996704459190369,
    0.9996704459190369
  ],
  "val_loss": [
    0.008679275400936604,
    0.03516542911529541,
    0.012242925353348255,
    0.014579901471734047,
    0.001051562954671681,
    0.021890833973884583,
    0.0031922648195177317,
    0.004304914269596338,
    0.0004495033645071089,
    0.02179175615310669,
    0.06625189632177353,
    0.0009104260825552046,
    0.002833721926435828,
    0.00022826387430541217,
    0.015098409727215767,
    2.259586108266376e-05,
    0.04387487843632698,
    0.0016736072720959783,
    0.0012019756250083447,
    0.00047218683175742626
  ]
}