{
  "SVM": {
    "accuracy": 97.12769638943361,
    "macro_f1": 74.62343139887494,
    "classification_report": {
      "Others": {
        "precision": 1.0,
        "recall": 0.9993189170781542,
        "f1-score": 0.999659342531085,
        "support": 5873.0
      },
      "T1016_System_Network_Configuration_Discovery": {
        "precision": 1.0,
        "recall": 1.0,
        "f1-score": 1.0,
        "support": 2.0
      },
      "T1082_System_Information_Discovery": {
        "precision": 1.0,
        "recall": 1.0,
        "f1-score": 1.0,
        "support": 101.0
      },
      "T1087_Account_Discovery": {
        "precision": 1.0,
        "recall": 1.0,
        "f1-score": 1.0,
        "support": 724.0
      },
      "T1166_Seuid_and_Setgid": {
        "precision": 0.0,
        "recall": 0.0,
        "f1-score": 0.0,
        "support": 43.0
      },
      "T1169_Sudo": {
        "precision": 0.0,
        "recall": 0.0,
        "f1-score": 0.0,
        "support": 700.0
      },
      "access": {
        "precision": 0.9427492679919864,
        "recall": 1.0,
        "f1-score": 0.970531075238964,
        "support": 12235.0
      },
      "exec": {
        "precision": 0.9993683878098847,
        "recall": 1.0,
        "f1-score": 0.9996840941399463,
        "support": 6329.0
      },
      "accuracy": 0.9712769638943362,
      "macro avg": {
        "precision": 0.7427647069752339,
        "recall": 0.7499148646347693,
        "f1-score": 0.7462343139887494,
        "support": 26007.0
      },
      "weighted avg": {
        "precision": 0.9443434390868118,
        "recall": 0.9712769638943362,
        "f1-score": 0.9574132985752108,
        "support": 26007.0
      }
    },
    "confusion_matrix": [
      [
        5869,
        0,
        0,
        0,
        0,
        0,
        0,
        4
      ],
      [
        0,
        2,
        0,
        0,
        0,
        0,
        0,
        0
      ],
      [
        0,
        0,
        101,
        0,
        0,
        0,
        0,
        0
      ],
      [
        0,
        0,
        0,
        724,
        0,
        0,
        0,
        0
      ],
      [
        0,
        0,
        0,
        0,
        0,
        0,
        43,
        0
      ],
      [
        0,
        0,
        0,
        0,
        0,
        0,
        700,
        0
      ],
      [
        0,
        0,
        0,
        0,
        0,
        0,
        12235,
        0
      ],
      [
        0,
        0,
        0,
        0,
        0,
        0,
        0,
        6329
      ]
    ]
  },
  "RandomForest": {
    "accuracy": 99.98461952551236,
    "macro_f1": 99.96130651993059,
    "classification_report": {
      "Others": {
        "precision": 1.0,
        "recall": 0.9993189170781542,
        "f1-score": 0.999659342531085,
        "support": 5873.0
      },
      "T1016_System_Network_Configuration_Discovery": {
        "precision": 1.0,
        "recall": 1.0,
        "f1-score": 1.0,
        "support": 2.0
      },
      "T1082_System_Information_Discovery": {
        "precision": 1.0,
        "recall": 1.0,
        "f1-score": 1.0,
        "support": 101.0
      },
      "T1087_Account_Discovery": {
        "precision": 0.9945054945054945,
        "recall": 1.0,
        "f1-score": 0.9972451790633609,
        "support": 724.0
      },
      "T1166_Seuid_and_Setgid": {
        "precision": 1.0,
        "recall": 1.0,
        "f1-score": 1.0,
        "support": 43.0
      },
      "T1169_Sudo": {
        "precision": 1.0,
        "recall": 1.0,
        "f1-score": 1.0,
        "support": 700.0
      },
      "access": {
        "precision": 1.0,
        "recall": 1.0,
        "f1-score": 1.0,
        "support": 12235.0
      },
      "exec": {
        "precision": 1.0,
        "recall": 1.0,
        "f1-score": 1.0,
        "support": 6329.0
      },
      "accuracy": 0.9998461952551236,
      "macro avg": {
        "precision": 0.9993131868131868,
        "recall": 0.9999148646347693,
        "f1-score": 0.9996130651993058,
        "support": 26007.0
      },
      "weighted avg": {
        "precision": 0.9998470403361394,
        "recall": 0.9998461952551236,
        "f1-score": 0.9998463809100218,
        "support": 26007.0
      }
    },
    "confusion_matrix": [
      [
        5869,
        0,
        0,
        4,
        0,
        0,
        0,
        0
      ],
      [
        0,
        2,
        0,
        0,
        0,
        0,
        0,
        0
      ],
      [
        0,
        0,
        101,
        0,
        0,
        0,
        0,
        0
      ],
      [
        0,
        0,
        0,
        724,
        0,
        0,
        0,
        0
      ],
      [
        0,
        0,
        0,
        0,
        43,
        0,
        0,
        0
      ],
      [
        0,
        0,
        0,
        0,
        0,
        700,
        0,
        0
      ],
      [
        0,
        0,
        0,
        0,
        0,
        0,
        12235,
        0
      ],
      [
        0,
        0,
        0,
        0,
        0,
        0,
        0,
        6329
      ]
    ]
  },
  "GradientBoosting": {
    "accuracy": 98.81570346445187,
    "macro_f1": 72.61116320342961,
    "classification_report": {
      "Others": {
        "precision": 0.9996592844974447,
        "recall": 0.9991486463476928,
        "f1-score": 0.9994039001958613,
        "support": 5873.0
      },
      "T1016_System_Network_Configuration_Discovery": {
        "precision": 0.0,
        "recall": 0.0,
        "f1-score": 0.0,
        "support": 2.0
      },
      "T1082_System_Information_Discovery": {
        "precision": 0.0,
        "recall": 0.0,
        "f1-score": 0.0,
        "support": 101.0
      },
      "T1087_Account_Discovery": {
        "precision": 1.0,
        "recall": 1.0,
        "f1-score": 1.0,
        "support": 724.0
      },
      "T1166_Seuid_and_Setgid": {
        "precision": 0.9772727272727273,
        "recall": 1.0,
        "f1-score": 0.9885057471264368,
        "support": 43.0
      },
      "T1169_Sudo": {
        "precision": 1.0,
        "recall": 0.7142857142857143,
        "f1-score": 0.8333333333333334,
        "support": 700.0
      },
      "access": {
        "precision": 0.9757556423957253,
        "recall": 1.0,
        "f1-score": 0.9877290708000322,
        "support": 12235.0
      },
      "exec": {
        "precision": 0.9998420221169037,
        "recall": 1.0,
        "f1-score": 0.999921004818706,
        "support": 6329.0
      },
      "accuracy": 0.9881570346445188,
      "macro avg": {
        "precision": 0.7440662095353501,
        "recall": 0.7141792950791759,
        "f1-score": 0.7261116320342962,
        "support": 26007.0
      },
      "weighted avg": {
        "precision": 0.9844807993161767,
        "recall": 0.9881570346445188,
        "f1-score": 0.9856078520031548,
        "support": 26007.0
      }
    },
    "confusion_matrix": [
      [
        5868,
        0,
        0,
        0,
        1,
        0,
        4,
        0
      ],
      [
        2,
        0,
        0,
        0,
        0,
        0,
        0,
        0
      ],
      [
        0,
        0,
        0,
        0,
        0,
        0,
        100,
        1
      ],
      [
        0,
        0,
        0,
        724,
        0,
        0,
        0,
        0
      ],
      [
        0,
        0,
        0,
        0,
        43,
        0,
        0,
        0
      ],
      [
        0,
        0,
        0,
        0,
        0,
        500,
        200,
        0
      ],
      [
        0,
        0,
        0,
        0,
        0,
        0,
        12235,
        0
      ],
      [
        0,
        0,
        0,
        0,
        0,
        0,
        0,
        6329
      ]
    ]
  },
  "DNN": {
    "accuracy": 98.48117814434575,
    "macro_f1": 80.11875460959568,