{
  "accuracy": [
    0.9919067025184631,
    0.998626708984375,
    0.999194324016571,
    0.9985900521278381,
    0.99853515625,
    0.998608410358429,
    0.9989379644393921,
    0.999267578125,
    0.9985900521278381,
    0.998333752155304,
    0.998992919921875,
    0.9984984993934631,
    0.998461902141571,
    0.9986633062362671,
    0.999194324016571,
    0.9990295171737671,
    0.99908447265625,
    0.9992309808731079,
    0.9984802007675171,
    0.999011218547821
  ],
  "loss": [
    0.03142526373267174,
    0.005319490563124418,
    0.0027475780807435513,
    0.004545056726783514,
    0.004765343852341175,
    0.004508479032665491,
    0.0034287278540432453,
    0.0024118346627801657,
    0.004344716668128967,
    0.004738051909953356,
    0.003541971556842327,
    0.0054178545251488686,
    0.004431615117937326,
    0.004247801844030619,
    0.0031492148991674185,
    0.002820173278450966,
    0.0030463351868093014,
    0.003008241532370448,
    0.005157121457159519,
    0.0031680138781666756
  ],
  "val_accuracy": [
    0.9967045783996582,
    0.9996704459190369,
    0.9899489283561707,
    0.9996704459190369,
    0.990443229675293,
    0.9996704459190369,
    0.9995056986808777,
    0.9894546270370483,
    0.9971988797187805,
    0.9948920607566833,
    0.9993408918380737,
    0.9894546270370483,
    1.0,
    0.9840171337127686,
    0.8630746603012085,
    0.9996704459190369,
    0.9729773998260498,
    0.9831932783126831,
    1.0,
    0.9902784824371338
  ],
  "val_loss": [
    0.008388339541852474,
    0.006082715000957251,
    0.02637379989027977,
    0.0015568968374282122,
    0.009015712887048721,
    0.002395597053691745,
    0.0015060098376125097,
    0.05533374100923538,
    0.007818998768925667,
    0.009399443864822388,
    0.002506456570699811,
    0.033986788243055344,
    0.0012188341934233904,
    0.061428047716617584,
    0.5614573359489441,
    0.0006246229750104249,
    0.04159506782889366,
    0.06395179033279419,
    0.00011601924779824913,
    0.014700161293148994
  ]
}