{
  "accuracy": [
    0.9892699718475342,
    0.998425304889679,
    0.998370349407196,
    0.998645007610321,
    0.998553454875946,
    0.9987548589706421,
    0.99853515625,
    0.9987731575965881,
    0.9989379644393921,
    0.999249279499054,
    0.9983886480331421,
    0.999011218547821,
    0.9990478754043579,
    0.998791515827179,
    0.999249279499054,
    0.999432384967804,
    0.9991394281387329,
    0.998883068561554,
    0.999267578125,
    0.998883068561554
  ],
  "loss": [
    0.039619702845811844,
    0.005641577765345573,
    0.005625221412628889,
    0.00420417170971632,
    0.004986522253602743,
    0.003832323709502816,
    0.004841049201786518,
    0.003969017881900072,
    0.003967951983213425,
    0.002354135038331151,
    0.005581110715866089,
    0.0034328182227909565,
    0.0031343367882072926,
    0.004349960014224052,
    0.002437366172671318,
    0.0019526079995557666,
    0.0027787380386143923,
    0.003986832685768604,
    0.0022099914494901896,
    0.004021474625915289
  ],
  "val_accuracy": [
    0.9950568675994873,
    0.9843466877937317,
    0.9853352904319763,
    0.9892898201942444,
    0.9886307716369629,
    1.0,
    0.9986818432807922,
    0.9970341324806213,
    0.9901136755943298,
    0.9995056986808777,
    0.9996704459190369,
    0.9996704459190369,
    0.9996704459190369,
    0.9797330498695374,
    0.9996704459190369,
    0.9986818432807922,
    0.9996704459190369,
    0.9889602661132812,
    1.0,
    0.9884659647941589
  ],
  "val_loss": [
    0.016387777402997017,
    0.0519283302128315,
    0.025408068671822548,
    0.04258397966623306,
    0.07030431926250458,
    3.309119347250089e-05,
    0.004226276651024818,
    0.010774757713079453,
    0.022801071405410767,
    0.0021581531036645174,
    0.00041074983892031014,
    0.002754275221377611,
    0.001058749738149345,
    0.05512838810682297,
    0.0005265470244921744,
    0.011687660589814186,
    0.0020982655696570873,
    0.06476854532957077,
    4.9814592784969136e-05,
    0.093678317964077
  ]
}